{"cameraMode":{"drawMode":0,"name":"Shaded","section":"Shading Mode"},"sceneLighting":false,"audioPlay":false,"sceneViewState":{"m_AlwaysRefresh":false,"showFog":true,"showSkybox":false,"showFlares":true,"showImageEffects":true,"showParticleSystems":true,"showVisualEffectGraphs":true,"m_FxEnabled":true},"in2DMode":false,"pivot":{"x":-0.17808948457241059,"y":4.0937275886535648,"z":1.5993633270263672},"rotation":{"x":-0.01936187967658043,"y":-0.9736323952674866,"z":0.20934848487377168,"w":-0.08919297158718109},"size":2.1657016277313234,"orthographic":true}