{"cameraMode":{"drawMode":0,"name":"Shaded","section":"Shading Mode"},"sceneLighting":true,"audioPlay":false,"sceneViewState":{"m_AlwaysRefresh":false,"showFog":true,"showSkybox":true,"showFlares":true,"showImageEffects":true,"showParticleSystems":true,"showVisualEffectGraphs":true,"m_FxEnabled":true},"in2DMode":false,"pivot":{"x":852.1835327148438,"y":455.01190185546877,"z":-1919.669189453125},"rotation":{"x":0.0005655821296386421,"y":-0.9864376187324524,"z":0.1645699441432953,"w":0.005087112542241812},"size":0.8766352534294128,"orthographic":true}