{"cameraMode":{"drawMode":0,"name":"Shaded","section":"Shading Mode"},"sceneLighting":false,"audioPlay":false,"sceneViewState":{"m_AlwaysRefresh":false,"showFog":true,"showSkybox":false,"showFlares":true,"showImageEffects":true,"showParticleSystems":true,"showVisualEffectGraphs":true,"m_FxEnabled":true},"in2DMode":false,"pivot":{"x":-0.2611321210861206,"y":1.0421475172042847,"z":0.3208032548427582},"rotation":{"x":0.00006206571561051533,"y":-0.9999538660049439,"z":0.015309659764170647,"w":0.006106481421738863},"size":0.08552325516939163,"orthographic":true}