{"cameraMode":{"drawMode":0,"name":"Shaded","section":"Shading Mode"},"sceneLighting":false,"audioPlay":false,"sceneViewState":{"m_AlwaysRefresh":false,"showFog":true,"showSkybox":false,"showFlares":true,"showImageEffects":true,"showParticleSystems":true,"showVisualEffectGraphs":true,"m_FxEnabled":true},"in2DMode":false,"pivot":{"x":-1.2731897830963135,"y":2.0540757179260256,"z":-0.8744992613792419},"rotation":{"x":-0.024430451914668084,"y":-0.9735217690467835,"z":0.11906609684228897,"w":-0.19509346783161164},"size":3.7710397243499758,"orthographic":true}