{"cameraMode":{"drawMode":0,"name":"Shaded","section":"Shading Mode"},"sceneLighting":false,"audioPlay":false,"sceneViewState":{"m_AlwaysRefresh":false,"showFog":true,"showSkybox":false,"showFlares":true,"showImageEffects":true,"showParticleSystems":true,"showVisualEffectGraphs":true,"m_FxEnabled":true},"in2DMode":false,"pivot":{"x":-0.3467622399330139,"y":0.8812103271484375,"z":0.01204189658164978},"rotation":{"x":-0.0014976570382714272,"y":0.9846327304840088,"z":-0.17510314285755158,"w":-0.006840070243924856},"size":0.5403449535369873,"orthographic":true}