{"cameraMode":{"drawMode":0,"name":"Shaded","section":"Shading Mode"},"sceneLighting":false,"audioPlay":false,"sceneViewState":{"m_AlwaysRefresh":false,"showFog":true,"showSkybox":false,"showFlares":true,"showImageEffects":true,"showParticleSystems":true,"showVisualEffectGraphs":true,"m_FxEnabled":true},"in2DMode":false,"pivot":{"x":-2.2785677909851076,"y":2.7063064575195314,"z":0.06390899419784546},"rotation":{"x":-0.017725875601172448,"y":-0.9787554144859314,"z":0.09603583067655564,"w":-0.18052171170711518},"size":3.1917049884796144,"orthographic":true}