{"cameraMode":{"drawMode":0,"name":"Shaded","section":"Shading Mode"},"sceneLighting":false,"audioPlay":false,"sceneViewState":{"m_AlwaysRefresh":false,"showFog":true,"showSkybox":false,"showFlares":true,"showImageEffects":true,"showParticleSystems":true,"showVisualEffectGraphs":true,"m_FxEnabled":true},"in2DMode":false,"pivot":{"x":-0.4344334602355957,"y":0.7328099012374878,"z":0.4215507507324219},"rotation":{"x":-0.0023913313634693624,"y":-0.9976341724395752,"z":0.05873097851872444,"w":-0.03730880469083786},"size":0.825943648815155,"orthographic":true}