{"cameraMode":{"drawMode":0,"name":"Shaded","section":"Shading Mode"},"sceneLighting":false,"audioPlay":false,"sceneViewState":{"m_AlwaysRefresh":false,"showFog":true,"showSkybox":false,"showFlares":true,"showImageEffects":true,"showParticleSystems":true,"showVisualEffectGraphs":true,"m_FxEnabled":true},"in2DMode":false,"pivot":{"x":-0.32082584500312807,"y":0.5981881022453308,"z":-0.13795167207717896},"rotation":{"x":-0.012153449468314648,"y":-0.9879223108291626,"z":0.1029171347618103,"w":-0.11600139737129212},"size":0.6835344433784485,"orthographic":true}