{"cameraMode":{"drawMode":0,"name":"Shaded","section":"Shading Mode"},"sceneLighting":false,"audioPlay":false,"sceneViewState":{"m_AlwaysRefresh":false,"showFog":true,"showSkybox":false,"showFlares":true,"showImageEffects":true,"showParticleSystems":true,"showVisualEffectGraphs":true,"m_FxEnabled":true},"in2DMode":false,"pivot":{"x":0.30974555015563967,"y":0.6527353525161743,"z":-1.0550720691680909},"rotation":{"x":-0.006645580288022757,"y":-0.9908474087715149,"z":0.05085858702659607,"w":-0.1253909468650818},"size":1.0812132358551026,"orthographic":true}