{"cameraMode":{"drawMode":0,"name":"Shaded","section":"Shading Mode"},"sceneLighting":false,"audioPlay":false,"sceneViewState":{"m_AlwaysRefresh":false,"showFog":true,"showSkybox":false,"showFlares":true,"showImageEffects":true,"showParticleSystems":true,"showVisualEffectGraphs":true,"m_FxEnabled":true},"in2DMode":false,"pivot":{"x":-0.2618178427219391,"y":-0.003492463380098343,"z":-0.4336451292037964},"rotation":{"x":-0.004473347682505846,"y":-0.9946175217628479,"z":0.09157328307628632,"w":-0.048669762909412387},"size":0.5693204402923584,"orthographic":true}