{"cameraMode":{"drawMode":0,"name":"Shaded","section":"Shading Mode"},"sceneLighting":false,"audioPlay":false,"sceneViewState":{"m_AlwaysRefresh":false,"showFog":true,"showSkybox":false,"showFlares":true,"showImageEffects":true,"showParticleSystems":true,"showVisualEffectGraphs":true,"m_FxEnabled":true},"in2DMode":false,"pivot":{"x":-0.005181550979614258,"y":2.315688133239746,"z":-0.00968855619430542},"rotation":{"x":-0.006616441998630762,"y":-0.9859420657157898,"z":0.040258415043354037,"w":-0.1620393693447113},"size":3.413482427597046,"orthographic":true}