{"cameraMode":{"drawMode":0,"name":"Shaded","section":"Shading Mode"},"sceneLighting":false,"audioPlay":false,"sceneViewState":{"m_AlwaysRefresh":false,"showFog":true,"showSkybox":false,"showFlares":true,"showImageEffects":true,"showParticleSystems":true,"showVisualEffectGraphs":true,"m_FxEnabled":true},"in2DMode":false,"pivot":{"x":-0.7164745330810547,"y":2.5478758811950685,"z":1.2381561994552613},"rotation":{"x":-0.018737707287073137,"y":-0.981410562992096,"z":0.10953202098608017,"w":-0.15860240161418916},"size":1.8484232425689698,"orthographic":true}