{"cameraMode":{"drawMode":0,"name":"Shaded","section":"Shading Mode"},"sceneLighting":false,"audioPlay":false,"sceneViewState":{"m_AlwaysRefresh":false,"showFog":true,"showSkybox":false,"showFlares":true,"showImageEffects":true,"showParticleSystems":true,"showVisualEffectGraphs":true,"m_FxEnabled":true},"in2DMode":false,"pivot":{"x":-0.3818485736846924,"y":1.0603737831115723,"z":0.3422650694847107},"rotation":{"x":-0.0009145457297563553,"y":-0.9990735650062561,"z":0.033292315900325778,"w":-0.02787547931075096},"size":0.054157715290784839,"orthographic":true}