{"cameraMode":{"drawMode":0,"name":"Shaded","section":"Shading Mode"},"sceneLighting":false,"audioPlay":false,"sceneViewState":{"m_AlwaysRefresh":false,"showFog":true,"showSkybox":false,"showFlares":true,"showImageEffects":true,"showParticleSystems":true,"showVisualEffectGraphs":true,"m_FxEnabled":true},"in2DMode":false,"pivot":{"x":-0.07630172371864319,"y":-0.1413991004228592,"z":-0.04501994699239731},"rotation":{"x":-0.10457250475883484,"y":0.33291059732437136,"z":-0.03748556226491928,"w":-0.9364673495292664},"size":0.17137910425662995,"orthographic":true}