{"cameraMode":{"drawMode":0,"name":"Shaded","section":"Shading Mode"},"sceneLighting":false,"audioPlay":false,"sceneViewState":{"m_AlwaysRefresh":false,"showFog":true,"showSkybox":false,"showFlares":true,"showImageEffects":true,"showParticleSystems":true,"showVisualEffectGraphs":true,"m_FxEnabled":true},"in2DMode":false,"pivot":{"x":-2.643707513809204,"y":1.3382773399353028,"z":-1.1852715015411378},"rotation":{"x":0.0046534910798072819,"y":-0.9933409094810486,"z":0.1065109521150589,"w":0.044853828847408298},"size":3.0322155952453615,"orthographic":true}