{"cameraMode":{"drawMode":0,"name":"Shaded","section":"Shading Mode"},"sceneLighting":false,"audioPlay":false,"sceneViewState":{"m_AlwaysRefresh":false,"showFog":true,"showSkybox":false,"showFlares":true,"showImageEffects":true,"showParticleSystems":true,"showVisualEffectGraphs":true,"m_FxEnabled":true},"in2DMode":false,"pivot":{"x":-0.5404479503631592,"y":0.6673911213874817,"z":0.04332973062992096},"rotation":{"x":-0.06880093365907669,"y":-0.9031776189804077,"z":0.15759870409965516,"w":-0.39348304271698},"size":0.6927668452262878,"orthographic":true}