{"cameraMode":{"drawMode":0,"name":"Shaded","section":"Shading Mode"},"sceneLighting":false,"audioPlay":false,"sceneViewState":{"m_AlwaysRefresh":false,"showFog":true,"showSkybox":false,"showFlares":true,"showImageEffects":true,"showParticleSystems":true,"showVisualEffectGraphs":true,"m_FxEnabled":true},"in2DMode":false,"pivot":{"x":-0.374437153339386,"y":3.074084520339966,"z":-0.06389492750167847},"rotation":{"x":-0.0013083887752145529,"y":-0.9988998174667358,"z":0.03778081014752388,"w":-0.029860101640224458},"size":1.8114434480667115,"orthographic":true}