{"cameraMode":{"drawMode":0,"name":"Shaded","section":"Shading Mode"},"sceneLighting":true,"audioPlay":false,"sceneViewState":{"m_AlwaysRefresh":false,"showFog":true,"showSkybox":false,"showFlares":true,"showImageEffects":true,"showParticleSystems":true,"showVisualEffectGraphs":true,"m_FxEnabled":true},"in2DMode":false,"pivot":{"x":-1.1976001262664796,"y":4.084229469299316,"z":1.6195611953735352},"rotation":{"x":-0.0027771354652941229,"y":-0.9969844222068787,"z":0.06470499187707901,"w":-0.04279087483882904},"size":0.1752832531929016,"orthographic":true}